{
  "artifact" : "aem-rugs",
  "editors" : [ {
    "description" : "Add a proxy component for one of the core components to an AEM project.",
    "name" : "AddCoreComponent",
    "parameters" : [ {
      "name" : "component_folder_name",
      "description" : "a folder (relative to /apps) into which the proxy component will be created",
      "pattern" : "^[\\w]+[-\\w\\/]+$",
      "required" : true,
      "displayable" : true,
      "valid_input_description" : "a folder name relative to /apps",
      "max_length" : 200,
      "min_length" : 1,
      "display_name" : "Component folder"
    }, {
      "name" : "component_group",
      "description" : "the component group name",
      "pattern" : "^[a-zA-Z][-\\w. ]+$",
      "required" : true,
      "displayable" : true,
      "valid_input_description" : "a component group name",
      "max_length" : 30,
      "min_length" : 1,
      "display_name" : "Component group"
    }, {
      "name" : "core_component_name",
      "description" : "the core component name (one of breadcrumb, button, formcontainer, hidden, options, textfield, image, list, sharing, text)",
      "pattern" : "^breadcrumb|button|formcontainer|hidden|options|textfield|image|list|sharing|text$",
      "required" : true,
      "displayable" : true,
      "valid_input_description" : "a component name (one of breadcrumb, button, formcontainer, hidden, options, textfield, image, list, sharing, text)",
      "max_length" : 30,
      "min_length" : 1,
      "display_name" : "Core component name"
    }, {
      "name" : "component_title",
      "description" : "the newly created component's title",
      "pattern" : "^[\\s\\S]*$",
      "required" : true,
      "displayable" : true,
      "valid_input_description" : "a component title",
      "max_length" : 30,
      "min_length" : 1,
      "display_name" : "New component title"
    } ],
    "tags" : [ {
      "name" : "adobe",
      "description" : "adobe"
    }, {
      "name" : "aem",
      "description" : "aem"
    } ]
  }, {
    "description" : "Adds the HTL Maven Plugin to Content Package projects",
    "name" : "AddHtlMavenPlugin",
    "tags" : [ {
      "name" : "adobe",
      "description" : "adobe"
    }, {
      "name" : "aem",
      "description" : "aem"
    } ]
  } ],
  "generators" : [ {
    "description" : "Create a skeletal AEM project",
    "name" : "CreateAemMultimoduleProject",
    "parameters" : [ {
      "name" : "project_name",
      "description" : "Name of your new project",
      "pattern" : "^[\\s\\S]*$",
      "required" : true,
      "displayable" : true,
      "valid_input_description" : "A valid GitHub repo name containing only alphanumeric, ., -, and _ characters and 21 characters or less to avoid Slack truncating the name when creating a channel for the repo",
      "max_length" : 21,
      "min_length" : 1,
      "display_name" : "Project Name"
    }, {
      "name" : "group_id",
      "description" : "the Maven Group ID for the generated project",
      "pattern" : "^(?:[A-Za-z_][\\w]*\\.)*[-A-Za-z_][-\\w]*$",
      "required" : true,
      "displayable" : true,
      "valid_input_description" : "A Maven Group ID",
      "max_length" : 100,
      "min_length" : 1,
      "display_name" : "Group ID"
    }, {
      "name" : "content_package_group",
      "description" : "a Group for your Package when it is installed in the AEM Package Manager",
      "pattern" : "^[\\s\\S]*$",
      "required" : true,
      "displayable" : true,
      "valid_input_description" : "a Group",
      "max_length" : 100,
      "min_length" : 1,
      "display_name" : "Content Package Group"
    }, {
      "name" : "apps_folder_name",
      "description" : "a folder under /apps in which components and configs will be created",
      "pattern" : "^[A-Za-z_$][\\w$]*$",
      "required" : true,
      "displayable" : true,
      "valid_input_description" : "a folder name",
      "max_length" : 100,
      "min_length" : 1,
      "display_name" : "/apps folder"
    }, {
      "name" : "aem_version",
      "description" : "An AEM version (must be one of 6.1, 6.2 or 6.3).",
      "pattern" : "^6.1|6.2|6.3$",
      "required" : true,
      "displayable" : true,
      "valid_input_description" : "a supported AEM Version",
      "max_length" : 3,
      "min_length" : 3,
      "display_name" : "AEM Version"
    } ],
    "tags" : [ {
      "name" : "adobe",
      "description" : "adobe"
    }, {
      "name" : "aem",
      "description" : "aem"
    } ]
  } ],
  "group" : "aem-rugs",
  "origin" : {
    "branch" : "master",
    "repo" : "git@github.com:justinedelson/aem-rugs.git",
    "sha" : "b447e7a"
  },
  "version" : "0.2.2"
}